base_sha,worktree,real_files,patch
bc6d2673b,molt,3,molt__bc6d2673b.patch (3667L)
421c9b74d,wt_r12,1,wt_r12__421c9b74d.patch (67L)
2ccdd2243,agent-a0b53d840390c84ab,3,agent-a0b53d840390c84ab__2ccdd2243.patch (270L)
934938665,agent-a217ff9ca34466ac5,3,agent-a217ff9ca34466ac5__934938665.patch (350L)
2ccdd2243,agent-a4829a9c38ecca6ab,7,agent-a4829a9c38ecca6ab__2ccdd2243.patch (1148L)
2ccdd2243,agent-a58cdc4ac2ce28526,2,agent-a58cdc4ac2ce28526__2ccdd2243.patch (116L)
2ccdd2243,agent-a966c6ca29a089710,11,agent-a966c6ca29a089710__2ccdd2243.patch (1226L)
934938665,agent-a96cbee4fc68a246f,2,agent-a96cbee4fc68a246f__934938665.patch (310L)
2ccdd2243,agent-aa1df137a946c6eb9,5,agent-aa1df137a946c6eb9__2ccdd2243.patch (611L)
772c37535,agent-ab1561bcbb4891dec,3,agent-ab1561bcbb4891dec__772c37535.patch (347L)
772c37535,agent-ab9f3671b60556688,6,agent-ab9f3671b60556688__772c37535.patch (2703L)
2ccdd2243,agent-acdbc9d1e8144392e,10,agent-acdbc9d1e8144392e__2ccdd2243.patch (1342L)
934938665,agent-ae2626905b25c590e,3,agent-ae2626905b25c590e__934938665.patch (659L)
2ccdd2243,agent-aef71a199bd1b3871,2,agent-aef71a199bd1b3871__2ccdd2243.patch (103L)
